{"_timestamp":1.751036275077916e+09,"_runtime":21.254559604,"_step":0,"_wandb":{"runtime":21},"eval/success_rate":0}