{"critic_loss":0.3016565078496933,"train/success_rate_100":0,"_wandb":{"runtime":366},"_runtime":366.248366886,"_step":93,"eval/success_rate":0,"_timestamp":1.751037903449922e+09,"actor_loss":1.6962965685129165}