{"actor_loss":2.6704431796073913,"critic_loss":0.6827647721767426,"train/success_rate_100":0,"_runtime":621.114508994,"_wandb":{"runtime":621},"_step":232,"eval/success_rate":0,"_timestamp":1.7510366014798207e+09}