{"critic_loss":0.17159358210861683,"_wandb":{"runtime":35},"train/success_rate_100":0,"_runtime":35.891217263,"_step":5,"eval/success_rate":0,"_timestamp":1.7510374555567155e+09,"actor_loss":0.4923779624700546}