{"_runtime":227.37853328,"_wandb":{"runtime":227},"_step":0,"eval/success_rate":0,"_timestamp":1.751036298479824e+09}