{"_timestamp":1.7510361079971337e+09,"_runtime":164.869018753,"_step":0,"_wandb":{"runtime":164},"eval/success_rate":0}