{"eval/success_rate":0,"_timestamp":1.7510374929071288e+09,"actor_loss":0.32550043404102325,"critic_loss":0.13607798002660274,"train/success_rate_100":0,"_runtime":100.099165976,"_step":5,"_wandb":{"runtime":100}}